AvatarKey,t(8;21),del 13q,del 17p,del(13q)/13q-,del(17p) / 17p-,del(20q)/20q-,del(6q)/6q-,FISH del 13q,FISH del 17p,FISH t(11;14),inv(16),inv(3),t(11;14),t(12;21),t(15;17) and variants,t(8;14),t(9;22)
A006747,Positive,NA,NA,NA,NA,NA,NA,NA,NA,NA,NA,NA,NA,NA,NA,NA,NA
A028337,Positive,Negative,Negative,Negative,Negative,Negative,Negative,Negative,Negative,Negative,Positive,Negative,Negative,Negative,Negative,Negative,Negative
A028340,Negative,Negative,Negative,Positive,Positive,Negative,Negative,Negative,Negative,Negative,Negative,Negative,Negative,Negative,Negative,Negative,Negative
A029214,NA,Positive,NA,NA,NA,NA,NA,NA,NA,NA,NA,NA,NA,NA,NA,NA,NA
A029228,NA,NA,NA,NA,NA,NA,NA,NA,NA,Positive,NA,NA,NA,NA,NA,NA,NA
A030212,NA,NA,NA,NA,NA,NA,NA,NA,NA,NA,NA,NA,NA,Positive,NA,NA,Positive
A030983,NA,Positive,NA,NA,NA,NA,NA,NA,NA,NA,NA,NA,NA,NA,NA,NA,NA
A030984,Positive,NA,NA,NA,NA,NA,NA,NA,NA,NA,NA,NA,NA,NA,NA,NA,NA
A030985,NA,NA,NA,NA,NA,NA,NA,NA,NA,NA,Positive,NA,NA,NA,NA,NA,NA
A030989,NA,Positive,NA,NA,NA,NA,NA,NA,NA,NA,NA,NA,NA,NA,NA,NA,NA
A030990,NA,NA,NA,NA,NA,NA,NA,NA,NA,NA,Positive,NA,NA,NA,NA,NA,NA
A030991,Positive,NA,NA,NA,NA,NA,NA,NA,NA,NA,NA,NA,NA,NA,NA,NA,NA
A030994,Positive,NA,NA,NA,NA,NA,NA,NA,NA,NA,NA,NA,NA,NA,NA,NA,NA
A030995,Positive,NA,NA,NA,NA,NA,NA,NA,NA,NA,NA,NA,NA,NA,NA,NA,Positive
A030997,NA,Positive,NA,NA,NA,NA,NA,NA,NA,NA,NA,NA,NA,NA,NA,NA,NA
A031000,Positive,NA,NA,NA,NA,NA,NA,NA,NA,NA,NA,NA,NA,NA,NA,NA,NA
A032139,NA,NA,Positive,Positive,NA,NA,NA,NA,NA,NA,NA,NA,NA,NA,NA,NA,NA
A032142,NA,NA,NA,NA,NA,NA,NA,NA,NA,NA,NA,NA,NA,NA,NA,NA,Positive
A032145,NA,NA,NA,NA,NA,NA,Positive,NA,NA,NA,NA,NA,Positive,NA,NA,NA,NA
A032149,NA,NA,NA,NA,NA,NA,NA,NA,NA,NA,NA,NA,NA,NA,NA,NA,Positive
A033914,Positive,NA,NA,NA,NA,Positive,NA,NA,NA,NA,NA,NA,NA,NA,NA,NA,NA
A033915,NA,NA,NA,NA,NA,NA,NA,NA,NA,NA,NA,NA,NA,NA,NA,NA,Positive
A033917,NA,NA,NA,NA,NA,NA,NA,NA,NA,NA,NA,Positive,NA,NA,NA,NA,NA
A033918,NA,NA,NA,NA,NA,NA,NA,NA,NA,NA,NA,NA,NA,NA,NA,NA,Positive
A039952,Positive,NA,NA,NA,NA,NA,NA,NA,NA,NA,NA,NA,NA,NA,NA,NA,NA
A039953,Positive,NA,NA,NA,NA,NA,NA,NA,NA,NA,NA,NA,NA,NA,NA,NA,Positive
A039958,NA,NA,NA,NA,NA,NA,NA,NA,Positive,NA,NA,NA,NA,NA,NA,NA,NA
A039962,NA,NA,NA,NA,NA,NA,NA,NA,NA,NA,NA,NA,NA,NA,NA,NA,Positive
A039967,NA,NA,NA,NA,NA,NA,NA,NA,NA,NA,NA,NA,NA,NA,Positive,NA,NA
A039968,NA,NA,NA,NA,NA,NA,NA,NA,NA,NA,NA,NA,NA,NA,NA,NA,Positive
A039970,NA,NA,Positive,NA,NA,NA,NA,NA,NA,NA,NA,NA,NA,NA,NA,NA,NA
A039974,Positive,NA,NA,NA,NA,NA,NA,NA,NA,NA,NA,NA,NA,NA,NA,NA,NA
A039980,Positive,NA,NA,NA,NA,NA,NA,NA,NA,NA,NA,NA,NA,NA,Positive,NA,NA
A039981,Positive,NA,NA,NA,NA,NA,NA,NA,NA,NA,NA,NA,NA,NA,NA,NA,NA
A040095,Positive,NA,Positive,NA,NA,NA,NA,NA,NA,NA,Positive,NA,NA,NA,NA,NA,NA
A040096,NA,NA,NA,NA,NA,NA,NA,NA,NA,NA,NA,NA,NA,NA,NA,NA,Positive
A040098,NA,NA,NA,NA,NA,NA,NA,NA,NA,NA,NA,NA,NA,NA,NA,NA,Positive
A040100,Positive,NA,NA,NA,NA,NA,NA,NA,Positive,NA,Positive,NA,NA,NA,NA,Positive,NA
A040104,NA,NA,NA,NA,NA,NA,NA,Positive,NA,NA,NA,NA,NA,NA,NA,NA,NA
A040106,NA,NA,NA,NA,NA,NA,NA,NA,NA,NA,NA,NA,NA,NA,NA,NA,Positive
A040107,Positive,NA,NA,NA,NA,NA,NA,NA,Positive,NA,Positive,NA,NA,NA,NA,NA,NA
A040108,NA,NA,NA,NA,NA,NA,NA,NA,NA,NA,NA,NA,NA,NA,NA,NA,Positive
A040109,NA,NA,NA,NA,NA,NA,NA,NA,NA,NA,NA,NA,NA,NA,NA,NA,Positive
A040113,NA,NA,NA,NA,NA,NA,NA,NA,Positive,NA,Positive,NA,NA,NA,NA,NA,Positive
A040114,Positive,NA,NA,NA,NA,NA,NA,NA,NA,NA,Positive,NA,NA,NA,Positive,NA,NA
A049236,NA,NA,NA,NA,NA,NA,NA,NA,NA,NA,NA,NA,NA,NA,NA,NA,Positive
A049239,NA,NA,NA,NA,NA,NA,NA,NA,NA,NA,NA,NA,NA,NA,NA,NA,Negative
A049252,NA,NA,NA,NA,NA,NA,NA,NA,NA,NA,Positive,NA,NA,NA,NA,NA,NA
