AvatarKey,t(8;21),t(9;22),inv(16),del 13q,FISH del 17p,del 17p,t(15;17) and variants,del(13q)/13q-,del(17p) / 17p-,del(20q)/20q-,del(6q)/6q-,FISH del 13q,FISH t(11;14),inv(3),t(11;14),t(12;21),t(8;14)
A040100,Positive,Negative,Positive,Negative,Positive,Negative,Negative,Negative,Negative,Negative,Negative,Negative,Negative,Negative,Negative,Negative,Positive
A040095,Positive,Negative,Positive,Negative,Negative,Positive,Negative,Negative,Negative,Negative,Negative,Negative,Negative,Negative,Negative,Negative,Negative
A040107,Positive,Negative,Positive,Negative,Positive,Negative,Negative,Negative,Negative,Negative,Negative,Negative,Negative,Negative,Negative,Negative,Negative
A040113,Negative,Positive,Positive,Negative,Positive,Negative,Negative,Negative,Negative,Negative,Negative,Negative,Negative,Negative,Negative,Negative,Negative
A040114,Positive,Negative,Positive,Negative,Negative,Negative,Positive,Negative,Negative,Negative,Negative,Negative,Negative,Negative,Negative,Negative,Negative
A028337,Positive,Negative,Positive,Negative,Negative,Negative,Negative,Negative,Negative,Negative,Negative,Negative,Negative,Negative,Negative,Negative,Negative
A028340,Negative,Negative,Negative,Negative,Negative,Negative,Negative,Positive,Positive,Negative,Negative,Negative,Negative,Negative,Negative,Negative,Negative
A030212,Negative,Positive,Negative,Negative,Negative,Negative,Negative,Negative,Negative,Negative,Negative,Negative,Negative,Negative,Negative,Positive,Negative
A030995,Positive,Positive,Negative,Negative,Negative,Negative,Negative,Negative,Negative,Negative,Negative,Negative,Negative,Negative,Negative,Negative,Negative
A032139,Negative,Negative,Negative,Negative,Negative,Positive,Negative,Positive,Negative,Negative,Negative,Negative,Negative,Negative,Negative,Negative,Negative
A032145,Negative,Negative,Negative,Negative,Negative,Negative,Negative,Negative,Negative,Negative,Positive,Negative,Negative,Negative,Positive,Negative,Negative
A033914,Positive,Negative,Negative,Negative,Negative,Negative,Negative,Negative,Negative,Positive,Negative,Negative,Negative,Negative,Negative,Negative,Negative
A039953,Positive,Positive,Negative,Negative,Negative,Negative,Negative,Negative,Negative,Negative,Negative,Negative,Negative,Negative,Negative,Negative,Negative
A039980,Positive,Negative,Negative,Negative,Negative,Negative,Positive,Negative,Negative,Negative,Negative,Negative,Negative,Negative,Negative,Negative,Negative
A006747,Positive,Negative,Negative,Negative,Negative,Negative,Negative,Negative,Negative,Negative,Negative,Negative,Negative,Negative,Negative,Negative,Negative
A029214,Negative,Negative,Negative,Positive,Negative,Negative,Negative,Negative,Negative,Negative,Negative,Negative,Negative,Negative,Negative,Negative,Negative
A029228,Negative,Negative,Negative,Negative,Negative,Negative,Negative,Negative,Negative,Negative,Negative,Negative,Positive,Negative,Negative,Negative,Negative
A030983,Negative,Negative,Negative,Positive,Negative,Negative,Negative,Negative,Negative,Negative,Negative,Negative,Negative,Negative,Negative,Negative,Negative
A030984,Positive,Negative,Negative,Negative,Negative,Negative,Negative,Negative,Negative,Negative,Negative,Negative,Negative,Negative,Negative,Negative,Negative
A030985,Negative,Negative,Positive,Negative,Negative,Negative,Negative,Negative,Negative,Negative,Negative,Negative,Negative,Negative,Negative,Negative,Negative
A030989,Negative,Negative,Negative,Positive,Negative,Negative,Negative,Negative,Negative,Negative,Negative,Negative,Negative,Negative,Negative,Negative,Negative
A030990,Negative,Negative,Positive,Negative,Negative,Negative,Negative,Negative,Negative,Negative,Negative,Negative,Negative,Negative,Negative,Negative,Negative
A030991,Positive,Negative,Negative,Negative,Negative,Negative,Negative,Negative,Negative,Negative,Negative,Negative,Negative,Negative,Negative,Negative,Negative
A030994,Positive,Negative,Negative,Negative,Negative,Negative,Negative,Negative,Negative,Negative,Negative,Negative,Negative,Negative,Negative,Negative,Negative
A030997,Negative,Negative,Negative,Positive,Negative,Negative,Negative,Negative,Negative,Negative,Negative,Negative,Negative,Negative,Negative,Negative,Negative
A031000,Positive,Negative,Negative,Negative,Negative,Negative,Negative,Negative,Negative,Negative,Negative,Negative,Negative,Negative,Negative,Negative,Negative
A032142,Negative,Positive,Negative,Negative,Negative,Negative,Negative,Negative,Negative,Negative,Negative,Negative,Negative,Negative,Negative,Negative,Negative
A032149,Negative,Positive,Negative,Negative,Negative,Negative,Negative,Negative,Negative,Negative,Negative,Negative,Negative,Negative,Negative,Negative,Negative
A033915,Negative,Positive,Negative,Negative,Negative,Negative,Negative,Negative,Negative,Negative,Negative,Negative,Negative,Negative,Negative,Negative,Negative
A033917,Negative,Negative,Negative,Negative,Negative,Negative,Negative,Negative,Negative,Negative,Negative,Negative,Negative,Positive,Negative,Negative,Negative
A033918,Negative,Positive,Negative,Negative,Negative,Negative,Negative,Negative,Negative,Negative,Negative,Negative,Negative,Negative,Negative,Negative,Negative
A039952,Positive,Negative,Negative,Negative,Negative,Negative,Negative,Negative,Negative,Negative,Negative,Negative,Negative,Negative,Negative,Negative,Negative
A039958,Negative,Negative,Negative,Negative,Positive,Negative,Negative,Negative,Negative,Negative,Negative,Negative,Negative,Negative,Negative,Negative,Negative
A039962,Negative,Positive,Negative,Negative,Negative,Negative,Negative,Negative,Negative,Negative,Negative,Negative,Negative,Negative,Negative,Negative,Negative
A039967,Negative,Negative,Negative,Negative,Negative,Negative,Positive,Negative,Negative,Negative,Negative,Negative,Negative,Negative,Negative,Negative,Negative
A039968,Negative,Positive,Negative,Negative,Negative,Negative,Negative,Negative,Negative,Negative,Negative,Negative,Negative,Negative,Negative,Negative,Negative
A039970,Negative,Negative,Negative,Negative,Negative,Positive,Negative,Negative,Negative,Negative,Negative,Negative,Negative,Negative,Negative,Negative,Negative
A039974,Positive,Negative,Negative,Negative,Negative,Negative,Negative,Negative,Negative,Negative,Negative,Negative,Negative,Negative,Negative,Negative,Negative
A039981,Positive,Negative,Negative,Negative,Negative,Negative,Negative,Negative,Negative,Negative,Negative,Negative,Negative,Negative,Negative,Negative,Negative
A040096,Negative,Positive,Negative,Negative,Negative,Negative,Negative,Negative,Negative,Negative,Negative,Negative,Negative,Negative,Negative,Negative,Negative
A040098,Negative,Positive,Negative,Negative,Negative,Negative,Negative,Negative,Negative,Negative,Negative,Negative,Negative,Negative,Negative,Negative,Negative
A040104,Negative,Negative,Negative,Negative,Negative,Negative,Negative,Negative,Negative,Negative,Negative,Positive,Negative,Negative,Negative,Negative,Negative
A040106,Negative,Positive,Negative,Negative,Negative,Negative,Negative,Negative,Negative,Negative,Negative,Negative,Negative,Negative,Negative,Negative,Negative
A040108,Negative,Positive,Negative,Negative,Negative,Negative,Negative,Negative,Negative,Negative,Negative,Negative,Negative,Negative,Negative,Negative,Negative
A040109,Negative,Positive,Negative,Negative,Negative,Negative,Negative,Negative,Negative,Negative,Negative,Negative,Negative,Negative,Negative,Negative,Negative
A049236,Negative,Positive,Negative,Negative,Negative,Negative,Negative,Negative,Negative,Negative,Negative,Negative,Negative,Negative,Negative,Negative,Negative
A049252,Negative,Negative,Positive,Negative,Negative,Negative,Negative,Negative,Negative,Negative,Negative,Negative,Negative,Negative,Negative,Negative,Negative
A049239,Negative,Negative,Negative,Negative,Negative,Negative,Negative,Negative,Negative,Negative,Negative,Negative,Negative,Negative,Negative,Negative,Negative
